<beans xmlns="http://www.springframework.org/schema/beans"
       xmlns:xsi="http://www.w3.org/2001/XMLSchema-instance"
       xmlns:context="http://www.springframework.org/schema/context"
       xmlns:mvc="http://www.springframework.org/schema/mvc"
       xmlns:aop="http://www.springframework.org/schema/aop"
       xsi:schemaLocation="http://www.springframework.org/schema/beans http://www.springframework.org/schema/beans/spring-beans.xsd
       http://www.springframework.org/schema/context
       http://www.springframework.org/schema/context/spring-context.xsd
       http://www.springframework.org/schema/mvc
       http://www.springframework.org/schema/mvc/spring-mvc.xsd
       http://www.springframework.org/schema/aop
       http://www.springframework.org/schema/aop/spring-aop.xsd">

    <!--    扫描-->
    <context:component-scan base-package="controlsystem.*"></context:component-scan>
<!--    让springmvc注解生效-->
    <mvc:annotation-driven></mvc:annotation-driven>
<!--    使用默认地址静态处理器-->
    <mvc:default-servlet-handler></mvc:default-servlet-handler>
<!--    加载到数据库配置文件-->
    <context:property-placeholder location="classpath:jdbc.properties"></context:property-placeholder>
<!--配置druid连接池-->
    <bean id="dataSource" class="com.alibaba.druid.pool.DruidDataSource">
        <property name="url" value="${jdbc.url}"></property>
        <property name="driverClassName" value="${jdbc.driverClassName}"></property>
        <property name="username" value="${jdbc.username}"></property>
        <property name="password" value="${jdbc.password}"></property>
    </bean>
<!--    配置数据源相关整合mybatis-->
    <bean id="sqlSessionFactory" class="org.mybatis.spring.SqlSessionFactoryBean">
        <property name="dataSource" ref="dataSource"></property>
        <property name="mapperLocations" value="classpath:controlsystem/mapper/*.xml"></property>
    </bean>

<!--    配置扫描器（扫描到dao接口因为dao接口中的方法）-->
    <bean class="org.mybatis.spring.mapper.MapperScannerConfigurer">
        <property name="sqlSessionFactoryBeanName" value="sqlSessionFactory"/>
        <property name="basePackage" value="controlsystem.dao"/>
    </bean>
    <!--    需要配置一个让aop注解生效的配置-->
    <aop:aspectj-autoproxy></aop:aspectj-autoproxy>
<!--    <mvc:interceptors>-->
<!--        <mvc:interceptor>-->
<!--            <mvc:mapping path="/*"/>-->
<!--            <bean class="controlsystem.interceptor.LoginStaticResInterceptor" ></bean>-->
<!--        </mvc:interceptor>-->
<!--    </mvc:interceptors>-->
</beans>